"Data","Moeda","Configuracao","Pontos"
"2022-09-02","JPY","Fraqueza","3138"
"2022-09-04","JPY","Fraqueza","3138"
"2022-09-05","GBP","Força","2235"
"2022-09-06","JPY","Fraqueza","7709"
"2022-09-07","JPY","Fraqueza","8462"
"2022-09-08","JPY","Força","2078"
"2022-09-09","JPY","Força","4433"
"2022-09-11","JPY","Força","4433"
"2022-09-12","JPY","Fraqueza","4141"
"2022-09-13","EUR","Força","2380"
"2022-09-14","JPY","Força","6978"
"2022-09-15","CHF","Força","4724"
"2022-09-16","GBP","Fraqueza","4729"
"2022-09-18","GBP","Fraqueza","4729"
"2022-09-19","USD","Força","3850"
"2022-09-20","NZD","Fraqueza","5744"
"2022-09-21","EUR","Fraqueza","4190"
"2022-09-22","JPY","Força","17776"
"2022-09-23","GBP","Fraqueza","12206"
"2022-09-25","GBP","Fraqueza","12206"
"2022-09-26","GBP","Força","3755"
"2022-09-27","NZD","Força","3122"
"2022-09-28","GBP","Fraqueza","11493"
"2022-09-29","GBP","Força","5089"
"2022-09-30","GBP","Fraqueza","5865"
"2022-10-02","GBP","Fraqueza","5865"
"2022-10-03","EUR","Fraqueza","5425"
"2022-10-04","EUR","Força","6735"
"2022-10-05","USD","Força","5600"
"2022-10-06","NZD","Fraqueza","4715"
"2022-10-07","GBP","Força","3077"
"2022-10-09","GBP","Força","3077"
"2022-10-10","AUD","Fraqueza","4070"
"2022-10-11","NZD","Força","4699"
"2022-10-12","GBP","Força","8522"
"2022-10-13","GBP","Força","12742"
"2022-10-14","GBP","Fraqueza","6700"
"2022-10-16","GBP","Fraqueza","6700"
"2022-10-17","JPY","Fraqueza","3462"
"2022-10-18","NZD","Força","5874"
"2022-10-19","USD","Força","4135"
"2022-10-20","JPY","Fraqueza","3461"
"2022-10-21","USD","Força","4770"
"2022-10-23","GBP","Fraqueza","4621"
"2022-10-24","NZD","Fraqueza","7031"
"2022-10-25","GBP","Força","2101"
"2022-10-26","AUD","Força","5762"
"2022-10-27","USD","Força","3730"
"2022-10-28","JPY","Fraqueza","4800"
"2022-10-30","JPY","Fraqueza","4800"
"2022-10-31","JPY","Fraqueza","3145"
"2022-11-01","USD","Fraqueza","5195"
"2022-11-02","JPY","Força","3045"
"2022-11-03","GBP","Fraqueza","5442"
"2022-11-04","AUD","Força","6321"
"2022-11-06","AUD","Força","6321"
"2022-11-07","GBP","Força","6739"
"2022-11-08","GBP","Fraqueza","4127"
"2022-11-09","NZD","Fraqueza","4732"
"2022-11-10","GBP","Força","5143"
"2022-11-11","JPY","Força","8879"
"2022-11-13","JPY","Força","8879"
"2022-11-14","JPY","Fraqueza","3529"
"2022-11-15","USD","Fraqueza","4892"
"2022-11-16","EUR","Força","4902"
"2022-11-17","USD","Força","3417"
"2022-11-18","NZD","Força","4542"
"2022-11-20","NZD","Força","4542"
"2022-11-21","USD","Força","5445"
"2022-11-22","NZD","Força","3717"
"2022-11-23","GBP","Força","4320"
"2022-11-24","JPY","Força","5352"
"2022-11-25","JPY","Fraqueza","4225"
"2022-11-27","JPY","Fraqueza","4225"
"2022-11-28","EUR","Força","6851"
"2022-11-29","AUD","Força","6755"
"2022-11-30","JPY","Fraqueza","4044"
"2022-12-01","JPY","Força","5576"
"2022-12-02","JPY","Força","5800"
"2022-12-04","JPY","Força","5800"
"2022-12-05","JPY","Fraqueza","5772"
"2022-12-06","CAD","Fraqueza","2987"
"2022-12-07","JPY","Fraqueza","4655"
"2022-12-08","GBP","Fraqueza","2338"
"2022-12-09","JPY","Força","3682"
"2022-12-11","JPY","Força","3682"
"2022-12-12","EUR","Força","3446"
"2022-12-13","AUD","Força","1527"
"2022-12-14","JPY","Força","2977"
"2022-12-15","AUD","Fraqueza","5743"
"2022-12-16","JPY","Força","4689"
"2022-12-18","JPY","Força","4689"
"2022-12-19","NZD","Fraqueza","1594"
"2022-12-20","JPY","Força","28137"
"2022-12-21","GBP","Fraqueza","5497"
"2022-12-22","GBP","Fraqueza","3623"
"2022-12-23","NZD","Força","4035"
"2022-12-25","NZD","Força","4035"
"2022-12-26","JPY","Fraqueza","2972"
"2022-12-27","JPY","Fraqueza","3772"
"2022-12-28","NZD","Força","5211"
"2022-12-29","AUD","Fraqueza","4051"
"2022-12-30","JPY","Força","6777"
"2023-01-01","JPY","Força","6777"
"2023-01-02","JPY","Força","2198"
"2023-01-03","JPY","Força","8164"
"2023-01-04","AUD","Força","10871"
"2023-01-05","GBP","Fraqueza","3197"
"2023-01-06","JPY","Fraqueza","4601"
"2023-01-08","JPY","Fraqueza","4601"
"2023-01-09","JPY","Fraqueza","6537"
"2023-01-10","AUD","Fraqueza","2126"
"2023-01-11","EUR","Força","2286"
"2023-01-12","JPY","Força","7106"
"2023-01-13","JPY","Força","4863"
"2023-01-15","JPY","Força","4863"
"2023-01-16","JPY","Fraqueza","1677"
"2023-01-17","GBP","Força","4213"
"2023-01-18","JPY","Fraqueza","8613"
"2023-01-19","NZD","Fraqueza","6891"
"2023-01-20","JPY","Fraqueza","8987"
"2023-01-22","JPY","Fraqueza","8987"
"2023-01-23","JPY","Fraqueza","5238"
"2023-01-24","GBP","Fraqueza","5614"
"2023-01-25","AUD","Força","4285"
"2023-01-26","JPY","Fraqueza","3237"
"2023-01-27","GBP","Fraqueza","2821"
"2023-01-29","GBP","Fraqueza","2821"
"2023-01-30","EUR","Força","3749"
"2023-01-31","AUD","Fraqueza","4761"
"2023-02-01","AUD","Força","1834"
"2023-02-02","GBP","Fraqueza","3574"
"2023-02-03","GBP","Força","3289"
"2023-02-05","GBP","Força","3289"
"2023-02-06","GBP","Força","2368"
"2023-02-07","GBP","Fraqueza","5010"
"2023-02-08","GBP","Força","2060"
"2023-02-09","USD","Fraqueza","3222"
"2023-02-10","JPY","Força","5390"
"2023-02-12","JPY","Força","5390"
"2023-02-13","JPY","Fraqueza","8222"
"2023-02-14","GBP","Força","4769"
"2023-02-15","AUD","Fraqueza","6643"
"2023-02-16","USD","Fraqueza","776"
"2023-02-17","USD","Força","3917"
"2023-02-19","USD","Força","3385"
"2023-02-20","AUD","Força","3481"
"2023-02-21","GBP","Força","7694"
"2023-02-22","AUD","Fraqueza","4292"
"2023-02-23","GBP","Fraqueza","2438"
"2023-02-24","JPY","Fraqueza","2768"
"2023-02-26","JPY","Fraqueza","2768"
"2023-02-27","GBP","Força","3518"
"2023-02-28","GBP","Força","3911"
"2023-03-01","NZD","Força","6198"
"2023-03-02","USD","Força","2173"
"2023-03-03","JPY","Força","2224"
"2023-03-05","JPY","Força","2224"
"2023-03-06","EUR","Força","3320"
"2023-03-07","AUD","Fraqueza","6245"
"2023-03-08","EUR","Fraqueza","1284"
"2023-03-09","JPY","Força","3912"
"2023-03-10","GBP","Força","5350"
"2023-03-12","GBP","Força","5350"
"2023-03-13","JPY","Força","10700"
"2023-03-14","JPY","Fraqueza","7646"
"2023-03-15","JPY","Força","11535"
"2023-03-16","GBP","Fraqueza","4325"
"2023-03-17","NZD","Força","2923"
"2023-03-19","NZD","Força","2923"
"2023-03-20","JPY","Força","7385"
"2023-03-21","EUR","Força","7562"
"2023-03-22","JPY","Fraqueza","4388"
"2023-03-23","NZD","Força","4461"
"2023-03-24","JPY","Força","9593"
"2023-03-26","JPY","Força","9593"
"2023-03-27","JPY","Fraqueza","4370"
"2023-03-28","CHF","Fraqueza","3423"
"2023-03-29","JPY","Fraqueza","7412"
"2023-03-30","JPY","Fraqueza","2172"
"2023-03-31","JPY","Força","2086"
"2023-04-02","JPY","Força","2086"
"2023-04-03","AUD","Força","7178"
"2023-04-04","GBP","Força","7293"
"2023-04-05","AUD","Fraqueza","6074"
"2023-04-06","NZD","Fraqueza","4470"
"2023-04-07","NZD","Força","1662"
"2023-04-09","NZD","Força","1662"
"2023-04-10","JPY","Fraqueza","3498"
"2023-04-11","NZD","Fraqueza","3900"
"2023-04-12","AUD","Força","2713"
"2023-04-13","JPY","Fraqueza","4050"
"2023-04-14","NZD","Fraqueza","1976"
"2023-04-16","NZD","Fraqueza","1976"
"2023-04-17","GBP","Força","1758"
"2023-04-18","USD","Fraqueza","2875"
"2023-04-19","USD","Força","2711"
"2023-04-20","AUD","Força","1538"
"2023-04-21","NZD","Fraqueza","4964"
"2023-04-23","NZD","Fraqueza","4964"
"2023-04-24","JPY","Fraqueza","4420"
"2023-04-25","AUD","Fraqueza","3273"
"2023-04-26","EUR","Força","6716"
"2023-04-27","NZD","Força","3814"
"2023-04-28","JPY","Fraqueza","12684"
"2023-04-30","JPY","Fraqueza","12684"
"2023-05-01","AUD","Força","3645"
"2023-05-02","AUD","Força","8319"
"2023-05-03","JPY","Força","5016"
"2023-05-04","NZD","Força","6479"
"2023-05-05","CHF","Fraqueza","5243"
"2023-05-07","CHF","Fraqueza","5243"
"2023-05-08","NZD","Força","3799"
"2023-05-09","JPY","Força","2699"
"2023-05-10","JPY","Força","972"
"2023-05-11","AUD","Fraqueza","2932"
"2023-05-12","NZD","Fraqueza","7523"
"2023-05-14","NZD","Fraqueza","7523"
"2023-05-15","JPY","Fraqueza","4920"
"2023-05-16","AUD","Fraqueza","3712"
"2023-05-17","NZD","Força","4110"
"2023-05-18","GBP","Fraqueza","1959"
"2023-05-19","NZD","Força","3349"
"2023-05-21","NZD","Força","3349"
"2023-05-22","JPY","Fraqueza","3517"
"2023-05-23","JPY","Força","4556"
"2023-05-24","NZD","Fraqueza","13078"
"2023-05-25","NZD","Fraqueza","2409"
"2023-05-26","USD","Fraqueza","2703"
"2023-05-28","USD","Fraqueza","2554"
"2023-05-29","JPY","Força","3183"
"2023-05-30","GBP","Força","4199"
"2023-05-31","JPY","Força","4250"
"2023-06-01","JPY","Fraqueza","2847"
"2023-06-02","AUD","Força","4502"
"2023-06-04","AUD","Força","4502"
"2023-06-05","GBP","Fraqueza","2975"
"2023-06-06","AUD","Força","6685"
"2023-06-07","GBP","Força","2566"
"2023-06-08","NZD","Força","1766"
"2023-06-09","JPY","Fraqueza","3609"
"2023-06-11","JPY","Fraqueza","3609"
"2023-06-12","CHF","Fraqueza","1842"
"2023-06-13","GBP","Força","2953"
"2023-06-14","GBP","Força","1572"
"2023-06-15","JPY","Fraqueza","6759"
"2023-06-16","JPY","Fraqueza","5288"
"2023-06-18","JPY","Fraqueza","5288"
"2023-06-19","NZD","Fraqueza","3419"
"2023-06-20","AUD","Fraqueza","6462"
"2023-06-21","AUD","Fraqueza","2643"
"2023-06-22","JPY","Fraqueza","2486"
"2023-06-23","AUD","Fraqueza","5320"
"2023-06-25","AUD","Fraqueza","5320"
"2023-06-26","GBP","Fraqueza","3403"
"2023-06-27","EUR","Força","2383"
"2023-06-28","NZD","Fraqueza","6424"
"2023-06-29","AUD","Força","3082"
"2023-06-30","GBP","Força","2943"
"2023-07-02","GBP","Força","2943"
"2023-07-03","CHF","Fraqueza","1953"
"2023-07-04","NZD","Força","3448"
"2023-07-05","AUD","Fraqueza","2407"
"2023-07-06","CAD","Fraqueza","3363"
"2023-07-07","JPY","Força","4306"
"2023-07-09","JPY","Força","4306"
"2023-07-10","AUD","Fraqueza","3628"
"2023-07-11","JPY","Força","5529"
"2023-07-12","JPY","Força","4412"
"2023-07-13","JPY","Fraqueza","5127"
"2023-07-14","JPY","Fraqueza","2435"
"2023-07-16","JPY","Fraqueza","2435"
"2023-07-17","NZD","Fraqueza","3286"
"2023-07-18","NZD","Fraqueza","6008"
"2023-07-19","GBP","Fraqueza","6860"
"2023-07-20","AUD","Força","6619"
"2023-07-21","JPY","Fraqueza","10409"
"2023-07-23","JPY","Fraqueza","10409"
"2023-07-24","EUR","Fraqueza","5232"
"2023-07-25","AUD","Força","3412"
"2023-07-26","AUD","Fraqueza","5395"
"2023-07-27","NZD","Força","2912"
"2023-07-28","GBP","Força","8376"
"2023-07-30","GBP","Força","8376"
"2023-07-31","JPY","Fraqueza","10999"
"2023-08-01","AUD","Fraqueza","7014"
"2023-08-02","JPY","Força","4400"
"2023-08-03","GBP","Fraqueza","5870"
"2023-08-04","CHF","Fraqueza","1589"
"2023-08-06","CHF","Fraqueza","1589"
"2023-08-07","JPY","Fraqueza","1492"
"2023-08-08","USD","Força","4883"
"2023-08-09","EUR","Força","1175"
"2023-08-10","JPY","Fraqueza","3252"
"2023-08-11","GBP","Força","3970"
"2023-08-13","GBP","Força","3970"
"2023-08-14","JPY","Fraqueza","1041"
"2023-08-15","GBP","Força","2883"
"2023-08-16","GBP","Força","3361"
"2023-08-17","USD","Fraqueza","2131"
"2023-08-18","JPY","Força","3819"
"2023-08-20","JPY","Força","3819"
"2023-08-21","JPY","Fraqueza","4998"
"2023-08-22","EUR","Fraqueza","3940"
"2023-08-23","GBP","Fraqueza","8131"
"2023-08-24","USD","Força","3313"
"2023-08-25","GBP","Força","1443"
"2023-08-27","GBP","Força","1443"
"2023-08-28","EUR","Força","802"
"2023-08-29","JPY","Fraqueza","2932"
"2023-08-30","GBP","Força","2852"
"2023-08-31","EUR","Fraqueza","4714"
"2023-09-01","JPY","Força","1977"
"2023-09-03","JPY","Força","1977"
"2023-09-04","JPY","Fraqueza","3551"
"2023-09-05","AUD","Fraqueza","6712"
"2023-09-06","AUD","Força","1544"
"2023-09-07","JPY","Força","3788"
"2023-09-08","NZD","Força","3137"
"2023-09-10","NZD","Força","3137"
"2023-09-11","AUD","Força","2831"
"2023-09-12","GBP","Fraqueza","2064"
"2023-09-13","AUD","Fraqueza","1387"
"2023-09-14","AUD","Força","2657"
"2023-09-15","JPY","Fraqueza","2983"
"2023-09-17","JPY","Fraqueza","2983"
"2023-09-18","JPY","Força","1808"
"2023-09-19","JPY","Fraqueza","2628"
"2023-09-20","GBP","Fraqueza","3535"
"2023-09-21","JPY","Força","5435"
"2023-09-22","NZD","Força","5816"
"2023-09-24","NZD","Força","5816"
"2023-09-25","NZD","Força","2090"
"2023-09-26","CAD","Fraqueza","2604"
"2023-09-27","GBP","Força","1829"
"2023-09-28","GBP","Força","2638"
"2023-09-29","NZD","Força","5272"
"2023-10-01","NZD","Força","5272"
"2023-10-02","AUD","Fraqueza","3168"
"2023-10-03","AUD","Fraqueza","5217"
"2023-10-04","NZD","Fraqueza","3403"
"2023-10-05","NZD","Força","2206"
"2023-10-06","JPY","Fraqueza","4324"
"2023-10-08","JPY","Fraqueza","4324"
"2023-10-09","GBP","Fraqueza","4104"
"2023-10-10","JPY","Fraqueza","3197"
"2023-10-11","NZD","Fraqueza","2403"
"2023-10-12","NZD","Fraqueza","2181"
"2023-10-13","NZD","Fraqueza","1701"
"2023-10-15","NZD","Fraqueza","1701"
"2023-10-16","AUD","Força","990"
"2023-10-17","GBP","Fraqueza","3214"
"2023-10-18","EUR","Fraqueza","1419"
"2023-10-19","EUR","Força","3367"
"2023-10-20","NZD","Fraqueza","1685"
"2023-10-22","NZD","Fraqueza","1685"
"2023-10-23","EUR","Força","1661"
"2023-10-24","AUD","Força","4522"
"2023-10-25","JPY","Força","1977"
"2023-10-26","EUR","Fraqueza","2128"
"2023-10-27","JPY","Força","3283"
"2023-10-29","JPY","Força","3283"
"2023-10-30","AUD","Força","3299"
"2023-10-31","JPY","Fraqueza","11224"
"2023-11-01","EUR","Fraqueza","3740"
"2023-11-02","EUR","Força","2549"
"2023-11-03","NZD","Força","1901"
"2023-11-05","NZD","Força","1901"
"2023-11-06","GBP","Força","4741"
"2023-11-07","AUD","Fraqueza","5406"
"2023-11-08","JPY","Fraqueza","1477"
"2023-11-09","NZD","Força","3217"
"2023-11-10","AUD","Fraqueza","1315"
"2023-11-12","AUD","Fraqueza","1315"
"2023-11-13","GBP","Força","2547"
"2023-11-14","EUR","Força","2992"
"2023-11-15","GBP","Fraqueza","4672"
"2023-11-16","NZD","Fraqueza","4001"
"2023-11-17","JPY","Força","6111"
"2023-11-19","JPY","Força","6111"
"2023-11-20","JPY","Força","9242"
"2023-11-21","JPY","Força","3423"
"2023-11-22","JPY","Fraqueza","3310"
"2023-11-23","GBP","Força","3482"
"2023-11-24","GBP","Força","1780"
"2023-11-26","GBP","Força","1780"
"2023-11-27","CAD","Fraqueza","1843"
"2023-11-28","CAD","Força","1933"
"2023-11-29","AUD","Fraqueza","3155"
"2023-11-30","EUR","Fraqueza","2589"
"2023-12-01","JPY","Fraqueza","1862"
"2023-12-03","JPY","Fraqueza","1862"
"2023-12-04","CHF","Fraqueza","2328"
"2023-12-05","AUD","Fraqueza","5561"
"2023-12-06","AUD","Força","2285"
"2023-12-07","JPY","Força","13539"
"2023-12-08","AUD","Força","1764"
"2023-12-10","AUD","Força","1764"
"2023-12-11","JPY","Fraqueza","7754"
"2023-12-12","JPY","Força","3530"
"2023-12-13","NZD","Fraqueza","3739"
"2023-12-14","JPY","Força","5690"
"2023-12-15","EUR","Fraqueza","3639"
"2023-12-17","EUR","Fraqueza","3247"
"2023-12-18","JPY","Fraqueza","4265"
"2023-12-19","JPY","Fraqueza","15697"
"2023-12-20","GBP","Fraqueza","7719"
"2023-12-21","JPY","Força","3116"
"2023-12-22","GBP","Força","2793"
"2023-12-25","GBP","Força","2793"
"2023-12-26","NZD","Força","1165"
"2023-12-27","AUD","Força","1413"
"2023-12-28","CHF","Força","4010"
"2023-12-29","CHF","Força","5721"
"2024-01-01","CHF","Força","5721"
"2024-01-02","CHF","Fraqueza","3835"
"2024-01-03","GBP","Força","3641"
"2024-01-04","JPY","Fraqueza","8513"
"2024-01-05","USD","Força","1953"
"2024-01-07","USD","Força","1492"
"2024-01-08","NZD","Fraqueza","2920"
"2024-01-09","JPY","Força","3018"
"2024-01-10","JPY","Fraqueza","4549"
"2024-01-11","NZD","Força","2133"
"2024-01-12","GBP","Fraqueza","3255"
"2024-01-14","GBP","Fraqueza","3255"
"2024-01-15","NZD","Fraqueza","3608"
"2024-01-16","USD","Força","3756"
"2024-01-17","GBP","Força","7477"
"2024-01-18","JPY","Força","1500"
"2024-01-19","GBP","Fraqueza","3375"
"2024-01-21","GBP","Fraqueza","3375"
"2024-01-22","JPY","Força","1279"
"2024-01-23","EUR","Fraqueza","1433"
"2024-01-24","USD","Fraqueza","2499"
"2024-01-25","CHF","Fraqueza","1796"
"2024-01-26","JPY","Fraqueza","2371"
"2024-01-28","JPY","Fraqueza","2371"
"2024-01-29","EUR","Fraqueza","3578"
"2024-01-30","GBP","Fraqueza","2137"
"2024-01-31","JPY","Fraqueza","2204"
"2024-02-01","AUD","Fraqueza","4309"
"2024-02-02","AUD","Força","2961"
"2024-02-04","AUD","Força","2961"
"2024-02-05","GBP","Fraqueza","3383"
"2024-02-06","AUD","Força","1572"
"2024-02-07","GBP","Força","2399"
"2024-02-08","JPY","Fraqueza","5735"
"2024-02-09","NZD","Força","3531"
"2024-02-11","NZD","Força","3531"
"2024-02-12","JPY","Força","2364"
"2024-02-13","GBP","Força","4638"
"2024-02-14","GBP","Fraqueza","5318"
"2024-02-15","JPY","Força","2804"
"2024-02-16","JPY","Fraqueza","1241"
"2024-02-18","JPY","Fraqueza","1241"
"2024-02-19","JPY","Força","988"
"2024-02-20","NZD","Força","2246"
"2024-02-21","NZD","Força","2323"
"2024-02-22","USD","Fraqueza","1971"
"2024-02-23","JPY","Fraqueza","1616"
"2024-02-25","JPY","Fraqueza","1616"
"2024-02-26","EUR","Força","3316"
"2024-02-27","JPY","Força","1307"
"2024-02-28","NZD","Fraqueza","6904"
"2024-02-29","JPY","Força","5124"
"2024-03-01","JPY","Fraqueza","2620"
"2024-03-03","JPY","Fraqueza","2620"
"2024-03-04","JPY","Fraqueza","2141"
"2024-03-05","NZD","Fraqueza","1175"
"2024-03-06","CHF","Fraqueza","2065"
"2024-03-07","JPY","Força","7504"
"2024-03-08","JPY","Força","4379"
"2024-03-10","JPY","Força","4379"
"2024-03-11","AUD","Fraqueza","1219"
"2024-03-12","JPY","Fraqueza","4320"
"2024-03-13","JPY","Fraqueza","2957"
"2024-03-14","EUR","Fraqueza","1044"
"2024-03-15","NZD","Fraqueza","3265"
"2024-03-17","NZD","Fraqueza","3265"
"2024-03-18","JPY","Fraqueza","1490"
"2024-03-19","JPY","Fraqueza","5873"
"2024-03-20","JPY","Fraqueza","2909"
"2024-03-21","CHF","Fraqueza","4057"
"2024-03-22","JPY","Força","5444"
"2024-03-24","JPY","Força","5444"
"2024-03-25","GBP","Força","1812"
"2024-03-26","CHF","Fraqueza","2579"
"2024-03-27","JPY","Força","3250"
"2024-03-28","AUD","Fraqueza","2916"
"2024-03-29","GBP","Fraqueza","1275"
"2024-03-31","GBP","Fraqueza","1275"
"2024-04-01","AUD","Fraqueza","1329"
"2024-04-02","CHF","Fraqueza","2611"
"2024-04-03","JPY","Fraqueza","1777"
"2024-04-04","AUD","Força","3687"
"2024-04-05","CHF","Fraqueza","1060"
"2024-04-07","CHF","Fraqueza","1060"
"2024-04-08","CHF","Fraqueza","2269"
"2024-04-09","NZD","Força","1957"
"2024-04-10","NZD","Força","1662"
"2024-04-11","AUD","Força","1732"
"2024-04-12","JPY","Força","4916"
"2024-04-14","JPY","Força","4916"
"2024-04-15","JPY","Fraqueza","4713"
"2024-04-16","JPY","Fraqueza","2693"
"2024-04-17","JPY","Fraqueza","1097"
"2024-04-18","JPY","Fraqueza","1555"
"2024-04-19","NZD","Fraqueza","2516"
"2024-04-21","NZD","Fraqueza","2516"
"2024-04-22","GBP","Fraqueza","5853"
"2024-04-23","GBP","Força","4435"
"2024-04-24","AUD","Força","3009"
"2024-04-25","JPY","Fraqueza","4324"
"2024-04-26","JPY","Fraqueza","7767"
"2024-04-28","JPY","Fraqueza","7767"
"2024-04-29","JPY","Força","11212"
"2024-04-30","EUR","Força","3282"
"2024-05-01","NZD","Força","2281"
"2024-05-02","JPY","Força","5955"
"2024-05-03","JPY","Fraqueza","2194"
"2024-05-05","JPY","Fraqueza","2194"
"2024-05-06","JPY","Fraqueza","2483"
"2024-05-07","AUD","Fraqueza","1692"
"2024-05-08","JPY","Fraqueza","3428"
"2024-05-09","JPY","Fraqueza","2282"
"2024-05-10","NZD","Fraqueza","2311"
"2024-05-12","NZD","Fraqueza","2311"
"2024-05-13","JPY","Fraqueza","1412"
"2024-05-14","JPY","Fraqueza","1255"
"2024-05-15","JPY","Força","3598"
"2024-05-16","USD","Força","2286"
"2024-05-17","USD","Força","1767"
"2024-05-19","USD","Força","1363"
"2024-05-20","NZD","Fraqueza","2047"
"2024-05-21","NZD","Fraqueza","904"
"2024-05-22","NZD","Força","3429"
"2024-05-23","NZD","Força","2308"
"2024-05-24","JPY","Fraqueza","1572"
"2024-05-26","JPY","Fraqueza","1572"
"2024-05-27","NZD","Força","1853"
"2024-05-28","CHF","Força","1461"
"2024-05-29","AUD","Fraqueza","1483"
"2024-05-30","JPY","Força","4002"
"2024-05-31","GBP","Fraqueza","2760"
"2024-06-02","GBP","Fraqueza","2760"
"2024-06-03","JPY","Força","2565"
"2024-06-04","JPY","Força","10697"
"2024-06-05","JPY","Fraqueza","6276"
"2024-06-06","CHF","Força","1798"
"2024-06-07","GBP","Força","1305"
"2024-06-09","GBP","Força","1305"
"2024-06-10","EUR","Fraqueza","2382"
"2024-06-11","EUR","Fraqueza","2303"
"2024-06-12","JPY","Fraqueza","2749"
"2024-06-13","USD","Força","1924"
"2024-06-14","GBP","Fraqueza","2901"
"2024-06-16","GBP","Fraqueza","2901"
"2024-06-17","EUR","Força","2566"
"2024-06-18","NZD","Fraqueza","2886"
"2024-06-19","GBP","Força","1985"
"2024-06-20","CHF","Fraqueza","3408"
"2024-06-21","NZD","Força","1745"
"2024-06-23","NZD","Força","1745"
"2024-06-24","EUR","Força","2695"
"2024-06-25","JPY","Força","2180"
"2024-06-26","AUD","Força","3289"
"2024-06-27","CHF","Fraqueza","1216"
"2024-06-28","CHF","Fraqueza","1016"
"2024-06-30","CHF","Fraqueza","1016"
"2024-07-01","GBP","Força","2935"
"2024-07-02","GBP","Força","1258"
"2024-07-03","JPY","Fraqueza","3326"
"2024-07-04","JPY","Força","2767"
"2024-07-05","JPY","Força","2382"
"2024-07-07","JPY","Força","2382"
"2024-07-08","GBP","Força","3061"
"2024-07-09","NZD","Fraqueza","1008"
"2024-07-10","NZD","Fraqueza","6765"
"2024-07-11","GBP","Força","1685"
"2024-07-12","JPY","Fraqueza","5701"
"2024-07-14","JPY","Fraqueza","5701"
"2024-07-15","NZD","Fraqueza","1563"
"2024-07-16","AUD","Fraqueza","2016"
"2024-07-17","JPY","Força","8926"
"2024-07-18","JPY","Fraqueza","4249"
"2024-07-19","NZD","Fraqueza","1312"
"2024-07-21","NZD","Fraqueza","1312"
"2024-07-22","JPY","Força","5472"
"2024-07-23","JPY","Força","6493"
"2024-07-24","JPY","Força","9264"
"2024-07-25","JPY","Força","8151"
"2024-07-26","JPY","Fraqueza","6255"
"2024-07-28","JPY","Fraqueza","6255"
"2024-07-29","JPY","Força","3821"
"2024-07-30","JPY","Fraqueza","6631"
"2024-07-31","JPY","Força","15590"
"2024-08-01","GBP","Fraqueza","3284"
"2024-08-02","EUR","Força","2333"
"2024-08-04","EUR","Força","2030"
"2024-08-05","JPY","Força","19881"
"2024-08-06","JPY","Força","7172"
"2024-08-07","JPY","Fraqueza","16526"
"2024-08-08","AUD","Força","3252"
"2024-08-09","JPY","Força","4061"
"2024-08-11","JPY","Força","4061"
"2024-08-12","NZD","Força","4228"
"2024-08-13","JPY","Fraqueza","2478"
"2024-08-14","NZD","Fraqueza","8028"
"2024-08-15","AUD","Força","2994"
"2024-08-16","JPY","Força","4622"
"2024-08-18","JPY","Força","4622"
"2024-08-19","JPY","Força","10801"
"2024-08-20","NZD","Força","2420"
"2024-08-21","JPY","Fraqueza","4165"
"2024-08-22","JPY","Fraqueza","5163"
"2024-08-23","AUD","Força","1915"
"2024-08-25","AUD","Força","1915"
"2024-08-26","NZD","Fraqueza","1745"
"2024-08-27","NZD","Força","2576"
"2024-08-28","EUR","Fraqueza","3269"
"2024-08-29","AUD","Força","4097"
"2024-08-30","JPY","Fraqueza","3255"
"2024-09-01","JPY","Fraqueza","3255"
"2024-09-02","JPY","Fraqueza","3705"
"2024-09-03","JPY","Força","6559"
"2024-09-04","JPY","Força","2973"
"2024-09-05","NZD","Força","2159"
"2024-09-06","JPY","Força","2088"
"2024-09-08","JPY","Força","2088"
"2024-09-09","JPY","Fraqueza","4532"
"2024-09-10","NZD","Força","1248"
"2024-09-11","JPY","Força","2546"
"2024-09-12","CHF","Fraqueza","1118"
"2024-09-13","JPY","Força","4888"
"2024-09-15","JPY","Força","4888"
"2024-09-16","JPY","Força","3247"
"2024-09-17","AUD","Força","771"
"2024-09-18","NZD","Força","2475"
"2024-09-19","JPY","Fraqueza","5011"
"2024-09-20","JPY","Fraqueza","8782"
"2024-09-22","JPY","Fraqueza","8782"
"2024-09-23","EUR","Fraqueza","5356"
"2024-09-24","JPY","Fraqueza","3439"
"2024-09-25","JPY","Fraqueza","5941"
"2024-09-26","AUD","Força","4176"
"2024-09-27","JPY","Força","13477"
"2024-09-29","JPY","Força","13477"
"2024-09-30","EUR","Força","2066"
"2024-10-01","GBP","Fraqueza","2978"
"2024-10-02","JPY","Fraqueza","7016"
"2024-10-03","GBP","Fraqueza","9969"
"2024-10-04","GBP","Força","3779"
"2024-10-06","GBP","Força","3779"
"2024-10-07","GBP","Fraqueza","4187"
"2024-10-08","GBP","Força","2269"
"2024-10-09","NZD","Fraqueza","6618"
"2024-10-10","CAD","Fraqueza","2712"
"2024-10-11","GBP","Força","1334"
"2024-10-13","GBP","Força","1334"
"2024-10-14","CHF","Fraqueza","1839"
"2024-10-15","JPY","Força","2639"
"2024-10-16","GBP","Fraqueza","4049"
"2024-10-17","AUD","Força","3067"
"2024-10-18","GBP","Força","1443"
"2024-10-20","GBP","Força","1443"
"2024-10-21","CHF","Força","2067"
"2024-10-22","NZD","Força","3450"
"2024-10-23","JPY","Fraqueza","9668"
"2024-10-24","JPY","Força","2551"
"2024-10-25","GBP","Força","1423"
"2024-10-27","GBP","Força","1423"
"2024-10-28","GBP","Força","1702"
"2024-10-29","GBP","Força","3632"
"2024-10-30","GBP","Fraqueza","4646"
"2024-10-31","JPY","Força","2720"
"2024-11-01","JPY","Fraqueza","3792"
"2024-11-03","JPY","Fraqueza","3792"
"2024-11-04","USD","Fraqueza","2420"
"2024-11-05","AUD","Força","2958"
"2024-11-06","USD","Força","10690"
"2024-11-07","AUD","Força","5500"
"2024-11-08","JPY","Força","6097"
"2024-11-10","JPY","Força","6097"
"2024-11-11","JPY","Fraqueza","3572"
"2024-11-12","USD","Força","2501"
"2024-11-13","EUR","Força","1738"
"2024-11-14","USD","Força","2319"
"2024-11-15","JPY","Força","3786"
"2024-11-17","JPY","Força","3786"
"2024-11-18","NZD","Fraqueza","2951"
"2024-11-19","JPY","Força","4957"
"2024-11-20","JPY","Fraqueza","3612"
"2024-11-21","JPY","Força","5455"
"2024-11-22","GBP","Fraqueza","4456"
"2024-11-24","GBP","Fraqueza","4456"
"2024-11-25","AUD","Fraqueza","2916"
"2024-11-26","USD","Fraqueza","2880"
"2024-11-27","JPY","Força","6631"
"2024-11-28","JPY","Fraqueza","2536"
"2024-11-29","JPY","Força","6740"
"2024-12-01","JPY","Força","6740"
"2024-12-02","GBP","Força","2455"
"2024-12-03","JPY","Fraqueza","2522"
"2024-12-04","AUD","Fraqueza","7164"
"2024-12-05","USD","Fraqueza","1306"
"2024-12-06","NZD","Fraqueza","4545"
"2024-12-08","NZD","Fraqueza","4545"
"2024-12-09","JPY","Fraqueza","5140"
"2024-12-10","GBP","Força","4026"
"2024-12-11","JPY","Fraqueza","2489"
"2024-12-12","AUD","Força","3117"
"2024-12-13","JPY","Fraqueza","5789"
"2024-12-15","JPY","Fraqueza","5789"
"2024-12-16","GBP","Força","3350"
"2024-12-17","GBP","Força","3982"
"2024-12-18","NZD","Fraqueza","3301"
"2024-12-19","JPY","Fraqueza","17546"
"2024-12-20","JPY","Força","3923"
"2024-12-22","JPY","Força","3923"
"2024-12-23","USD","Força","1914"
"2024-12-24","GBP","Força","1305"
"2024-12-25","GBP","Força","1305"
"2024-12-26","JPY","Fraqueza","2087"
"2024-12-27","AUD","Fraqueza","1610"
"2024-12-29","AUD","Fraqueza","1610"
"2024-12-30","NZD","Força","2025"
"2024-12-31","NZD","Fraqueza","2373"
"2025-01-01","NZD","Fraqueza","2373"
"2025-01-02","GBP","Fraqueza","7126"
"2025-01-03","JPY","Fraqueza","1598"
"2025-01-05","JPY","Fraqueza","1598"
"2025-01-06","JPY","Fraqueza","6233"
"2025-01-07","NZD","Força","3794"
"2025-01-08","GBP","Fraqueza","5838"
"2025-01-09","GBP","Fraqueza","5359"
"2025-01-10","NZD","Fraqueza","1613"
"2025-01-12","NZD","Fraqueza","1613"
"2025-01-13","GBP","Fraqueza","7800"
"2025-01-14","GBP","Fraqueza","3439"
"2025-01-15","JPY","Força","5862"
"2025-01-16","JPY","Força","4317"
"2025-01-17","GBP","Fraqueza","2052"
"2025-01-19","GBP","Fraqueza","2052"
"2025-01-20","EUR","Força","3050"
"2025-01-21","USD","Força","5375"
"2025-01-22","JPY","Fraqueza","2678"
"2025-01-23","CHF","Fraqueza","702"
"2025-01-24","JPY","Fraqueza","3513"
"2025-01-26","JPY","Fraqueza","3513"
"2025-01-27","JPY","Força","7569"
"2025-01-28","JPY","Fraqueza","1867"
"2025-01-29","JPY","Força","2987"
"2025-01-30","JPY","Força","5636"
"2025-01-31","JPY","Fraqueza","4091"
"2025-02-02","JPY","Fraqueza","4091"
"2025-02-03","JPY","Força","3926"
"2025-02-04","NZD","Fraqueza","2249"
"2025-02-05","JPY","Força","4316"
"2025-02-06","JPY","Força","4842"
"2025-02-07","JPY","Fraqueza","5909"
"2025-02-09","JPY","Fraqueza","5909"
"2025-02-10","JPY","Fraqueza","2386"
"2025-02-11","JPY","Fraqueza","3949"
"2025-02-12","JPY","Fraqueza","4974"
"2025-02-13","CHF","Força","3588"
"2025-02-14","NZD","Força","2281"
"2025-02-16","NZD","Força","2281"
"2025-02-17","JPY","Força","3009"
"2025-02-18","NZD","Fraqueza","2228"
"2025-02-19","GBP","Fraqueza","3379"
"2025-02-20","JPY","Força","4287"
"2025-02-21","JPY","Fraqueza","3639"
"2025-02-23","JPY","Fraqueza","3639"
"2025-02-24","JPY","Fraqueza","1526"
"2025-02-25","NZD","Fraqueza","2207"
"2025-02-26","USD","Força","2470"
"2025-02-27","JPY","Fraqueza","4258"
"2025-02-28","NZD","Fraqueza","2845"
"2025-03-02","NZD","Fraqueza","2845"
"2025-03-03","GBP","Força","4976"
"2025-03-04","USD","Fraqueza","3937"
"2025-03-05","EUR","Força","3236"
"2025-03-06","JPY","Força","5903"
"2025-03-07","EUR","Força","6401"
"2025-03-09","AUD","Fraqueza","5987"
"2025-03-10","NZD","Força","3462"
"2025-03-11","EUR","Força","5360"
"2025-03-12","JPY","Fraqueza","4303"
"2025-03-13","JPY","Força","4358"
"2025-03-14","JPY","Fraqueza","5707"
"2025-03-16","JPY","Fraqueza","5707"
"2025-03-17","NZD","Força","3238"
"2025-03-18","JPY","Fraqueza","1995"
"2025-03-19","USD","Força","1839"
"2025-03-20","NZD","Fraqueza","7397"
"2025-03-21","CHF","Força","1656"
"2025-03-23","CHF","Força","1656"
"2025-03-24","NZD","Fraqueza","1955"
"2025-03-25","AUD","Força","2383"
"2025-03-26","GBP","Fraqueza","5262"
"2025-03-27","JPY","Fraqueza","6112"
"2025-03-28","JPY","Força","1852"
"2025-03-30","JPY","Força","1852"
"2025-03-31","AUD","Fraqueza","3745"
"2025-04-01","JPY","Força","5269"
"2025-04-02","NZD","Força","3571"
"2025-04-03","USD","Fraqueza","9802"
"2025-04-04","AUD","Fraqueza","23865"
"2025-04-06","AUD","Fraqueza","23865"
"2025-04-07","GBP","Fraqueza","9058"
"2025-04-08","NZD","Força","5799"
"2025-04-09","GBP","Fraqueza","7859"
"2025-04-10","USD","Fraqueza","7092"
"2025-04-11","USD","Fraqueza","4795"
"2025-04-13","USD","Fraqueza","4226"
"2025-04-14","GBP","Força","5617"
"2025-04-15","NZD","Força","5929"
"2025-04-16","USD","Fraqueza","3010"
"2025-04-17","JPY","Fraqueza","2718"
"2025-04-18","NZD","Fraqueza","4999"
"2025-04-20","NZD","Fraqueza","4999"
"2025-04-21","USD","Fraqueza","4284"
"2025-04-22","JPY","Força","5465"
"2025-04-23","JPY","Força","3826"
"2025-04-24","USD","Fraqueza","2296"
"2025-04-25","NZD","Fraqueza","2698"
"2025-04-27","NZD","Fraqueza","2698"
"2025-04-28","GBP","Força","3235"
"2025-04-29","USD","Força","2469"
"2025-04-30","JPY","Fraqueza","3357"
"2025-05-01","JPY","Fraqueza","8691"
"2025-05-02","GBP","Fraqueza","4524"
"2025-05-04","GBP","Fraqueza","4524"
"2025-05-05","JPY","Força","2797"
"2025-05-06","JPY","Força","4797"
"2025-05-07","EUR","Força","3617"
"2025-05-08","GBP","Força","5950"
"2025-05-09","JPY","Força","4090"
"2025-05-11","JPY","Força","4090"
"2025-05-12","JPY","Fraqueza","7106"
"2025-05-13","CAD","Fraqueza","3028"
"2025-05-14","JPY","Força","7363"
"2025-05-15","JPY","Força","3670"
"2025-05-16","NZD","Força","4070"
"2025-05-18","NZD","Força","4070"
"2025-05-19","EUR","Força","4055"
"2025-05-20","AUD","Fraqueza","5535"
"2025-05-21","JPY","Força","2213"
"2025-05-22","JPY","Força","3328"
"2025-05-23","USD","Fraqueza","4151"
"2025-05-25","USD","Fraqueza","3901"
"2025-05-26","NZD","Força","2263"
"2025-05-27","JPY","Fraqueza","6439"
"2025-05-28","NZD","Força","3438"
"2025-05-29","USD","Fraqueza","2206"
"2025-05-30","EUR","Fraqueza","1608"
"2025-06-01","CAD","Força","1521"
"2025-06-02","USD","Fraqueza","3704"
"2025-06-03","USD","Força","3527"
"2025-06-04","JPY","Fraqueza","3037"
"2025-06-05","JPY","Fraqueza","4462"
"2025-06-06","USD","Força","2001"
"2025-06-08","JPY","Fraqueza","1936"
"2025-06-09","NZD","Força","2576"
"2025-06-10","GBP","Fraqueza","4428"
"2025-06-11","NZD","Fraqueza","3071"
"2025-06-12","EUR","Força","4254"
"2025-06-13","USD","Força","4894"
"2025-06-15","USD","Força","3765"
"2025-06-16","NZD","Força","2792"
"2025-06-17","GBP","Fraqueza","2489"
"2025-06-18","JPY","Força","2428"
"2025-06-19","GBP","Força","6608"
"2025-06-20","GBP","Força","2638"
"2025-06-22","GBP","Força","2638"
"2025-06-23","JPY","Fraqueza","6188"
"2025-06-24","EUR","Fraqueza","3365"
"2025-06-25","JPY","Fraqueza","4986"
"2025-06-26","JPY","Força","2379"
"2025-06-27","AUD","Fraqueza","1828"
"2025-06-29","AUD","Fraqueza","1828"
"2025-06-30","GBP","Fraqueza","1619"
"2025-07-01","JPY","Força","5121"
"2025-07-02","CAD","Força","3466"
"2025-07-03","GBP","Força","2552"
"2025-07-04","JPY","Força","2917"
"2025-07-06","JPY","Força","2917"
"2025-07-07","USD","Força","3700"
"2025-07-08","AUD","Força","5472"
"2025-07-09","JPY","Força","2175"
"2025-07-10","AUD","Força","2602"
"2025-07-11","GBP","Fraqueza","3429"
"2025-07-13","GBP","Fraqueza","3429"
"2025-07-14","NZD","Fraqueza","1930"
"2025-07-15","NZD","Força","2226"
"2025-07-16","CHF","Fraqueza","1869"
"2025-07-17","GBP","Força","4872"
"2025-07-18","NZD","Força","2735"
"2025-07-20","NZD","Força","2735"
"2025-07-21","JPY","Força","3472"
"2025-07-22","NZD","Fraqueza","1544"
"2025-07-23","EUR","Fraqueza","4874"
"2025-07-24","AUD","Força","2555"
"2025-07-25","USD","Força","2584"
"2025-07-27","USD","Força","2096"
"2025-07-28","EUR","Fraqueza","5300"
"2025-07-29","EUR","Fraqueza","2206"
"2025-07-30","GBP","Força","3102"
"2025-07-31","JPY","Fraqueza","4700"
"2025-08-01","JPY","Força","3911"
"2025-08-03","JPY","Força","3911"
"2025-08-04","CHF","Fraqueza","2779"
"2025-08-05","JPY","Fraqueza","3245"
"2025-08-06","AUD","Força","2827"
"2025-08-07","GBP","Força","3828"
"2025-08-08","JPY","Fraqueza","5340"
"2025-08-10","JPY","Fraqueza","5340"
"2025-08-11","CHF","Fraqueza","1798"
"2025-08-12","GBP","Força","4353"
"2025-08-13","GBP","Força","2699"
"2025-08-14","JPY","Força","5970"
"2025-08-15","JPY","Força","2820"
"2025-08-17","JPY","Força","2820"
"2025-08-18","EUR","Fraqueza","2466"
"2025-08-19","CAD","Fraqueza","1128"
"2025-08-20","NZD","Fraqueza","9919"
